UPC,SKU,Description,Color Code,Brand
100000100001,OF00001,Horizon - Black,BK01,OptiFrame
100000100002,OF00001,Horizon - Crystal Clear,CC01,OptiFrame
100000100003,OF00001,Horizon - Brown Tortoise,TT01,OptiFrame
100000100004,OF00001,Horizon - Grey,GY01,OptiFrame
100000100005,OF00001,Horizon - Navy,NV01,OptiFrame
100000100006,OF00002,Summit - Matte Black,BK02,OptiFrame
100000100007,OF00002,Summit - White,WH01,OptiFrame
100000100008,OF00002,Summit - Honey Tortoise,TT02,OptiFrame
100000100009,OF00002,Summit - Rose Gold,RG01,OptiFrame
100000100010,OF00003,Canopy - Black,BK01,OptiFrame
100000100011,OF00003,Canopy - Crystal Clear,CC01,OptiFrame
100000100012,OF00003,Canopy - Dark Tortoise,TT03,OptiFrame
100000100013,OF00003,Canopy - Smoke,GY02,OptiFrame
100000100014,OF00003,Canopy - Ocean Blue,NV02,OptiFrame
100000100015,OF00003,Canopy - Gold,GD01,OptiFrame
100000100016,OF00004,Harbor - Black,BK01,OptiFrame
100000100017,OF00004,Harbor - White,WH01,OptiFrame
100000100018,OF00004,Harbor - Brown Tortoise,TT01,OptiFrame
100000100019,OF00004,Harbor - Silver,SV01,OptiFrame
100000100020,OF00004,Harbor - Burgundy,BG01,OptiFrame
100000100021,OF00005,Coastal - Matte Black,BK02,OptiFrame
100000100022,OF00005,Coastal - Crystal Clear,CC01,OptiFrame
100000100023,OF00005,Coastal - Honey Tortoise,TT02,OptiFrame
100000100024,OF00005,Coastal - Rose Gold,RG01,OptiFrame
100000100025,OF00005,Coastal - Olive,OL01,OptiFrame
100000100026,OF00006,Alpine - Black,BK01,OptiFrame
100000100027,OF00006,Alpine - Grey,GY01,OptiFrame
100000100028,OF00006,Alpine - Navy,NV01,OptiFrame
100000100029,OF00006,Alpine - Silver,SV01,OptiFrame
100000100030,OF00006,Alpine - Cognac,CG01,OptiFrame
100000100031,OF00006,Alpine - Amber,AM01,OptiFrame
100000100032,OF00007,Desert - Matte Black,BK02,OptiFrame
100000100033,OF00007,Desert - Gold,GD01,OptiFrame
100000100034,OF00007,Desert - Silver,SV01,OptiFrame
100000100035,OF00007,Desert - Cognac,CG01,OptiFrame
100000100036,OF00008,Meadow - Crystal Clear,CC01,OptiFrame
100000100037,OF00008,Meadow - White,WH01,OptiFrame
100000100038,OF00008,Meadow - Honey Tortoise,TT02,OptiFrame
100000100039,OF00008,Meadow - Rose Gold,RG01,OptiFrame
100000100040,OF00008,Meadow - Forest Green,FG01,OptiFrame
100000100041,OF00009,Canyon - Black,BK01,OptiFrame
100000100042,OF00009,Canyon - Matte Black,BK02,OptiFrame
100000100043,OF00009,Canyon - Brown Tortoise,TT01,OptiFrame
100000100044,OF00009,Canyon - Grey,GY01,OptiFrame
100000100045,OF00009,Canyon - Ocean Blue,NV02,OptiFrame
100000100046,OF00010,Glacier - Crystal Clear,CC01,OptiFrame
100000100047,OF00010,Glacier - Silver,SV01,OptiFrame
100000100048,OF00010,Glacier - Rose Gold,RG01,OptiFrame
100000100049,OF00010,Glacier - Gold,GD01,OptiFrame
100000100050,OF00011,Tundra - Black,BK01,OptiFrame
100000100051,OF00011,Tundra - Grey,GY01,OptiFrame
100000100052,OF00011,Tundra - Navy,NV01,OptiFrame
100000100053,OF00011,Tundra - Forest Green,FG01,OptiFrame
100000100054,OF00011,Tundra - Burgundy,BG01,OptiFrame
100000100055,OF00012,Prairie - Crystal Black,BK03,OptiFrame
100000100056,OF00012,Prairie - White,WH01,OptiFrame
100000100057,OF00012,Prairie - Honey Tortoise,TT02,OptiFrame
100000100058,OF00012,Prairie - Amber,AM01,OptiFrame
100000100059,OF00012,Prairie - Rose Gold,RG01,OptiFrame
100000100060,OF00013,Cascade - Black,BK01,OptiFrame
100000100061,OF00013,Cascade - Crystal Clear,CC01,OptiFrame
100000100062,OF00013,Cascade - Brown Tortoise,TT01,OptiFrame
100000100063,OF00013,Cascade - Silver,SV01,OptiFrame
100000100064,OF00013,Cascade - Smoke,GY02,OptiFrame
100000100065,OF00014,Dune - Matte Black,BK02,OptiFrame
100000100066,OF00014,Dune - Cognac,CG01,OptiFrame
100000100067,OF00014,Dune - Amber,AM01,OptiFrame
100000100068,OF00014,Dune - Honey Tortoise,TT02,OptiFrame
100000100069,OF00015,Lagoon - Black,BK01,OptiFrame
100000100070,OF00015,Lagoon - Navy,NV01,OptiFrame
100000100071,OF00015,Lagoon - Ocean Blue,NV02,OptiFrame
100000100072,OF00015,Lagoon - Teal,TL01,OptiFrame
100000100073,OF00015,Lagoon - Grey,GY01,OptiFrame
100000100074,OF00016,Mesa - Black,BK01,OptiFrame
100000100075,OF00016,Mesa - White,WH01,OptiFrame
100000100076,OF00016,Mesa - Crystal Clear,CC01,OptiFrame
100000100077,OF00016,Mesa - Brown Tortoise,TT01,OptiFrame
100000100078,OF00016,Mesa - Grey,GY01,OptiFrame
100000100079,OF00016,Mesa - Olive,OL01,OptiFrame
100000100080,OF00017,Cove - Black,BK01,OptiFrame
100000100081,OF00017,Cove - Crystal Black,BK03,OptiFrame
100000100082,OF00017,Cove - Matte Black,BK02,OptiFrame
100000100083,OF00017,Cove - Honey Tortoise,TT02,OptiFrame
100000100084,OF00017,Cove - Rose Gold,RG01,OptiFrame
100000100085,OF00018,Bluff - Matte Black,BK02,OptiFrame
100000100086,OF00018,Bluff - Grey,GY01,OptiFrame
100000100087,OF00018,Bluff - Navy,NV01,OptiFrame
100000100088,OF00018,Bluff - Silver,SV01,OptiFrame
100000100089,OF00018,Bluff - Burgundy,BG01,OptiFrame
100000100090,OF00019,Creek - Black,BK01,OptiFrame
100000100091,OF00019,Creek - Crystal Clear,CC01,OptiFrame
100000100092,OF00019,Creek - Smoke,GY02,OptiFrame
100000100093,OF00019,Creek - Ocean Blue,NV02,OptiFrame
100000100094,OF00019,Creek - Gold,GD01,OptiFrame
100000100095,OF00020,Fjord - Black,BK01,OptiFrame
100000100096,OF00020,Fjord - White,WH01,OptiFrame
100000100097,OF00020,Fjord - Silver,SV01,OptiFrame
100000100098,OF00020,Fjord - Rose Gold,RG01,OptiFrame
100000100099,OF00020,Fjord - Forest Green,FG01,OptiFrame
100000100100,OF00021,Heath - Matte Black,BK02,OptiFrame
100000100101,OF00021,Heath - Crystal Black,BK03,OptiFrame
100000100102,OF00021,Heath - Brown Tortoise,TT01,OptiFrame
100000100103,OF00021,Heath - Cognac,CG01,OptiFrame
100000100104,OF00021,Heath - Amber,AM01,OptiFrame
100000100105,OF00022,Isle - Black,BK01,OptiFrame
100000100106,OF00022,Isle - Crystal Clear,CC01,OptiFrame
100000100107,OF00022,Isle - Honey Tortoise,TT02,OptiFrame
100000100108,OF00022,Isle - Grey,GY01,OptiFrame
100000100109,OF00022,Isle - Navy,NV01,OptiFrame
100000100110,OF00022,Isle - Rose Gold,RG01,OptiFrame
100000100111,OF00023,Jetty - Matte Black,BK02,OptiFrame
100000100112,OF00023,Jetty - White,WH01,OptiFrame
100000100113,OF00023,Jetty - Silver,SV01,OptiFrame
100000100114,OF00023,Jetty - Gold,GD01,OptiFrame
100000100115,OF00024,Knox - Black,BK01,OptiFrame
100000100116,OF00024,Knox - Crystal Black,BK03,OptiFrame
100000100117,OF00024,Knox - Grey,GY01,OptiFrame
100000100118,OF00024,Knox - Navy,NV01,OptiFrame
100000100119,OF00024,Knox - Burgundy,BG01,OptiFrame
100000100120,OF00024,Knox - Olive,OL01,OptiFrame
100000100121,OF00025,Loch - Black,BK01,OptiFrame
100000100122,OF00025,Loch - Matte Black,BK02,OptiFrame
100000100123,OF00025,Loch - Brown Tortoise,TT01,OptiFrame
100000100124,OF00025,Loch - Dark Tortoise,TT03,OptiFrame
100000100125,OF00025,Loch - Smoke,GY02,OptiFrame
100000100126,OF00025,Loch - Ocean Blue,NV02,OptiFrame
100000100127,OF00025,Loch - Cognac,CG01,OptiFrame
